,true_values,pred_probs,titles,pred
1215,0.0,0.7651111208234573,Scientists Propose New Satellite Tech to Dodge Space Junk from Megaconstellations,1.0
13585,1.0,0.4525818061652343,I Was Anti-Vaccine Until My Doctor Got Hot And Suggested Them Again,0.0
14077,1.0,0.15137543796549985,"Excuse Me, Mr. Trump, Sir, But, Respectfully, Dr. Trump, Mind You, Captain President, Sir, And There's Nothing You Can Do About It, Good Professor!",0.0
2470,0.0,0.5670197536556842,Priest made young boys dress up like baby Jesus before he sexually abused them,1.0
4903,0.0,0.535958731972125,Suspected home intruder leaps from 2nd-floor bathroom window -- and lands on its feet,1.0
4480,0.0,0.5701223338356227,She threw her iPhone out the window and has never been happier,1.0
10219,1.0,0.3226990790500763,Shocking Dark Secret: The Host Of The Beloved Kids Show 'Professor Groin Pincher's Carnival Of Pleasures' Has Been Posthumously Unmasked As A Pedophile,0.0
3997,0.0,0.5126768984358496,Prehistoric Babies Drank Animal Milk From Bottles,1.0
11975,1.0,0.20336170026292802,We Asked 22 Meteorologists About The Worst Storm They’ve Ever Created To Punish An Ex-Lover,0.0
13909,1.0,0.48376503931018927,9/11: Government Admits It Was Only Behind Destruction Of North Tower,0.0
1854,0.0,0.7215316313015288,Just a reminder that this is illegal in China,1.0
6432,0.0,0.85150479772923,J.K. Simmons Joins Cast of Animated-Adventure 'Seal Team' - About an orphan seal who spends his days off the coast of Africa eluding sharks until he decides to assemble a team of like-minded seals to turn the tables on the sharks. - Also Starring Sharlto Copley and Seal (the singer),1.0
593,0.0,0.5793029066185007,Windows 10 Security Alert As Microsoft Warns: ‘Do Not Install This Update’,1.0
9218,1.0,0.4297742872425193,Winter Is Shortcoming,0.0
13899,1.0,0.2652418920057124,Prince Harry Gets Old Suit Tailored To Wear To Wedding,0.0
9839,1.0,0.4992777855271837,NASA Administrator Resigns After Leak Of Offensive Anti-Moon Email,0.0
9255,1.0,0.26114895692957607,Unclear If Store Called ‘Casa Spazio’ Sells Leather Sofas Or Pizzas,0.0
16246,1.0,0.3030355024422191,News: Awesome: Vera Wang Is Releasing A Tear-Away Wedding Dress For Brides Who Have A Basketball Game During The Ceremony,0.0
12892,1.0,0.3733452940594604,Ohio State Puts Urban Meyer On Paid Secret Coaching Leave,0.0
13636,1.0,0.34460983157050623,76ers Expected To Fire GM Who Created Anonymous Twitter Accounts To Criticize Team,0.0
13771,1.0,0.4410312476515903,Top Celebrities Who Are Not Invited To The Royal Wedding - Celebrity Crush,0.0
4108,0.0,0.7122733437273763,Dominos Offering Dream Job as Garlic Bread Taster,1.0
13104,1.0,0.4536657692925524,The Road Worrier,0.0
567,0.0,0.5321031473966077,Strategically placed bush used to hide sculptures vulva.,1.0
7738,0.0,0.6835399460987291,Theres An Emu On the Loose In North Carolina and Nobodys Been Quick Enough To Catch It,1.0
8235,1.0,0.47326834015084623,Behind The Pen: The Chinese Threat,0.0
9155,1.0,0.4662715540320908,A Guide To The Best Weapons In ‘FIFA 19’,0.0
5428,0.0,0.930172781748702,Ted Cruz and Andrew Yang will suit up in 4-on-4 basketball game for charity after Democratic candidate challenged senator who beat Jimmy Kimmel 1-on-1,1.0
8674,1.0,0.36166838843614896,"Trump Thanks Supporters Who Sacrificed Time, Money, Friends, Family, Morals, Religious Beliefs To Be Here Today",0.0
14156,1.0,0.2614565292425511,"A New Beginning: After Formally Ending Their 65-Year War, North And South Korea Have Teamed Up To Invade Italy",0.0
1337,0.0,0.8580760529265298,He befriended the ashes of a Vietnam veteran. Now he has to let him go.,1.0
6737,0.0,0.7455574548798655,Donald Trump’s New Mideast Point Man Is Jared Kushner’s Personal Assistant,1.0
10264,1.0,0.30171753127955164,Every Baby Boomer In Country Urged To Resign After Photos Emerge Of Them In Blackface,0.0
5520,0.0,0.6070230418056611,Revengeful crows refuse to forgive MP man after death of chick 3 years ago,1.0
7855,0.0,0.6665891215975339,"The most common street name in U.S. is Second. First is the third, Third is the second with Fifth being the sixth most common.",1.0
2483,0.0,0.5317469367757783,Airbnb Goes to Antarctica,1.0
8411,1.0,0.3042922731461741,Painting Hanging In Thrift Store Must Be Founder Of The Salvation Army,0.0
312,0.0,0.9664621503280301,"Overthinking Can Shorten Your Life, Says New Study",1.0
8112,1.0,0.24971741609933162,"Philadelphia To Become DirecTV, PA After Cream Cheese Manufacturer Loses Naming Rights",0.0
8246,1.0,0.41722684896134554,Disturbing Teen Trend: Adolescents Across The Country Are Getting Together WEEKLY to Worship A Dead Man Named Jesus Christ,0.0
6333,0.0,0.9355823479296467,Absolutely No Reason For A Recession But ‘We’ll Probably Have One Anyway’,1.0
784,0.0,0.6909142986977644,"The day $20,000 of weed and a joke about bombs on an aircraft ended Bill Murray’s college days",1.0
284,0.0,0.7571732418941555,Tharaka-Nithi man stabs and kills friend over termites meal,1.0
6977,0.0,0.6075786265592854,Trump To Pardon Himself For Crimes Against Weather,1.0
1913,0.0,0.7480305745015605,X post but fits here,1.0
4549,0.0,0.5346257224337131,"Shanghai restaurant bills eight people $58,378 for dinner",1.0
16619,1.0,0.2674158600707633,NRA Says Mass Shootings Just The Unfortunate Price Of Protecting People's Freedom To Commit Mass Shootings,0.0
6306,0.0,0.9057439579807999,"Man gets mad his photo is used to prove all hipsters look alike, only to discover the picture isn’t of him",1.0
7119,0.0,0.9151178048204377,"De Blasio cites reading The Post, making phone calls as proof of hard work",1.0
7372,0.0,0.7703805190251256,Loop Trolley Will Begin Hosting Stand-Up Comedians in Bid to Boost Ridership,1.0
1266,0.0,0.7158425113934334,35 Y.O CEO Slams Other Millennials For Entitlement Despite Being Handed CEO Job By His Dad,1.0
5324,0.0,0.8317347800727233,Most Isolated Tribe In Continental U.S. Gets Broadband,1.0
9499,1.0,0.4199511465853407,Trump Pushes Health Care Reform Until After 2020,0.0
6796,0.0,0.6815236553199773,Identical triplets all jailed for the same crime,1.0
9832,1.0,0.3855589233768296,Pantone Intern Starstruck After Meeting Designer Behind Sand Dollar 13-1106,0.0
5839,0.0,0.6429987922302028,"Sam Darnold sidelined by mono, out for Monday night matchup with Browns and likely longer",1.0
529,0.0,0.5837834831772238,Does praying burn calories? Here’s the pope’s $110 e-rosary,1.0
11059,1.0,0.3138086262952846,In High School They Called Him ‘Hog Fucker.’ Now He Fucks Hogs For The Stars.,0.0
6253,0.0,0.5021725680262726,Finger Lickin good,1.0
7744,0.0,0.7100419796034767,Have You Seen Any Nazi Uranium? These Researchers Want To Know,1.0
6155,0.0,0.5349691475921882,Taliban warns against travel to U.S. due to gun violence,1.0
7552,0.0,0.8127791425285809,Can Bernie Sanders Supporters Meme Him to the Democratic Nomination?,1.0
1713,0.0,0.9064169480259758,I couldn’t fathom it being possibly be serious after seeing ‘Kill the gays bill’,1.0
9168,1.0,0.4990023424968764,‘Avengers: Endgame’ Shatters Box Office Records,0.0
4911,0.0,0.516608302567286,Artificial Insemination Facility Has Mass Semen Explosion After Fire Erupts,1.0
6766,0.0,0.7882188876753023,Playing non-stop Shoo!bert,1.0
193,0.0,0.6540833759435052,Biological Male Wins Women’s Cycling World Championship,1.0
11875,1.0,0.26747835061370606,Is This Year's Giants Team An Al-Qaeda Plot Designed To Hurt New Yorkers Again?,0.0
10068,1.0,0.42467193661159125,Female Brains More Youthful Than Male Ones,0.0
10751,1.0,0.41148373077232736,UCF Deserves A Shot To Be Utterly Destroyed In The College Football Playoff,0.0
2630,0.0,0.9319198064703015,Henry Winkler has been feuding with Tom Hanks since 1989,1.0
3233,0.0,0.5618079240195166,Mike Pence tells Americans to ‘Spend more time on your knees than on the Internet’,1.0
6314,0.0,0.8261026387362517,Cryptocurrency Exchange Script | Bitcoin Exchange Software,1.0
5492,0.0,0.8693331220757763,Japan's cyber security minister admits he has never used a computer,1.0
4316,0.0,0.5228471473371972,PlayStation 5 Will Include Power Saving Feature to Tackle Climate Change,1.0
693,0.0,0.8448193793404737,VIDEO: Bizarre video shows pastor demonstrating to church members how to do the doggy style,1.0
12649,1.0,0.18029206955468083,4 Times My Dad Ate A Single Oyster And Started Acting Like The Horniest Person In The World Because He Read Online They Were An Aphrodisiac,0.0
1307,0.0,0.5263227649433962,Enormous,1.0
4738,0.0,0.6775715183939559,monsanto argues roundup cancer victim should receive less money,1.0
14188,1.0,0.44449644385771964,3-Year-Old Pretending Stuffed Animals Having Big Fight About Accidental Pregnancy,0.0
7715,0.0,0.9681457480441737,Expensive Newly Built MTA Bus Washing Station Not Wide Enough to Wash Buses,1.0
6540,0.0,0.6868067500408859,Abandoned load of rotten potatoes deemed so deadly it got a police escort to the landfill,1.0
3625,0.0,0.695523046422754,Naked Donald Trump statues are popping up across America,1.0
14897,1.0,0.3845922929346173,Top ​​Benefits ​​Of​​ Being ​​A​​ Risk-Taker,0.0
1180,0.0,0.7926746789653722,Don’t make the rules just enforce them,1.0
10183,1.0,0.1832164179487217,Seems Extreme: Jacob Farted During Math And The Marines Wheeled Him Out Of The Classroom In One Of Those Hannibal Lecter Straitjacket Things With The Muzzle,0.0
14415,1.0,0.38621414123092207,Comey Says Trump ‘Morally Unfit’ To Be President As Clash Escalates,0.0
6078,0.0,0.9597442073812952,Presidential candidate Tim Ryan releases album on Spotify,1.0
4402,0.0,0.9116820061125562,Nick Kyrgios blames ‘hot chick’ for loss of concentration in Roger Federer defeat,1.0
15132,1.0,0.3859371086804463,PornHub Expands Parental Controls For User Accounts,0.0
3775,0.0,0.5049656282954245,Charlottesville man sues newspaper for reporting on family’s slave-owning past,1.0
2022,0.0,0.6040896587401591,Man chokes cashier for putting chips and canned goods in same grocery bag,1.0
6006,0.0,0.5315746543371941,Survey,1.0
5199,0.0,0.5981487013782035,Dark crystals: the brutal reality behind a booming wellness craze | Life and style,1.0
4099,0.0,0.9413349991806599,Christian missionary becomes atheist because grammar of the tribe he tried to convert requires evidence for all statements,1.0
650,0.0,0.8966949540850285,What the fuck,1.0
2780,0.0,0.838310541692385,Trump Blurts Out an Impeachable Offense on the White House Lawn,1.0
3261,0.0,0.863478173369487,Moms wanting to make video game radios more realistic,1.0
7827,0.0,0.8604045690341201,Paul Walker’s daughter Meadow estranged from dad’s family after ‘cutting them out’,1.0
16178,1.0,0.1263970748509512,Donna Brazile Says Hillary Rodham Clinton High Palace Of The Solar Order Was Almost Like A Cult,0.0
5322,0.0,0.7779663316810789,Malaysian 11th Special Forces Regiment Body Armor Demonstration Kills Major(videos in link),1.0
6784,0.0,0.630787431708913,Own Your Throne: Hamilton spent $40K teaching people how to use the toilet,1.0
2367,0.0,0.5186402543827878,Arrro,1.0
10270,1.0,0.2435615343879584,Yosemite Closed Indefinitely After Bear Spotted In Park,0.0
13245,1.0,0.4464327956990067,National Parks Closed For Annual Remajestification,0.0
7250,0.0,0.8512138926083387,Judge rules White House must give Playboy columnist Brian Karem his press pass back,1.0
6793,0.0,0.7964323357155736,Trump Somehow Replaces Unqualified Mideast Envoy With Even Less Qualified One,1.0
1296,0.0,0.7500971398234288,Washington Parish sheriff changes political affiliation following Election Day win,1.0
1942,0.0,0.6710843609031696,Man rescued a Pelican and now they are friends,1.0
11762,1.0,0.22434454879814492,Authorities Say Blacklight Analysis Shows Velvet Poster Of Mushroom Kingdom Looking Even Cooler Than Previously Imagined,0.0
4466,0.0,0.8055613526279989,Life choices,1.0
15647,1.0,0.041688995252729635,"1 ""We've decided to shift our launch schedule back, but we'll definitely launch tomorrow.""",0.0
6701,0.0,0.9435183423608079,A study suggests that hot yoga offers little benefit over similarly-paced yoga at a more normal temperature.,1.0
13638,1.0,0.4345583129800257,Miss America Pageant Adds Sweatpants And Messy Bun Competition,0.0
1878,0.0,0.5186402543827878,McNoway,1.0
13355,1.0,0.25619780663988795,Everybody knows who is this.... Can you you describe him in 1 word. NO ABUSES(You can censor your words if needed),0.0
7499,0.0,0.7836275500648514,Fish shop shut down for using googly eyes to make fish look fresher,1.0
8934,1.0,0.15488930317960292,"Excuse Me, I’m A Little Shy...But...May I Have Blue Cheese Dressing?",0.0
1228,0.0,0.6864352229144844,Republican Congressman wishes the Navy happy birthday with a picture of a Russian Battlecruiser,1.0
8423,1.0,0.45725210246494324,Man Who Crossed US In Balloon Only Talks About Horse Abuse,0.0
14342,1.0,0.45036743913454935,"‘Nothing Is More Attractive Than Confidence,’ Says Woman Who Has Apparently Never Seen Sonic The Hedgehog Cosplay",0.0
12702,1.0,0.2492630954883811,NOAA Lowers Warnings For Atlantic Hurricane Season,0.0
15312,1.0,0.3907378427929428,[Meta] Onion writer's routinely recycled mass-shooting headline hits close to home,0.0
12039,1.0,0.32607501981742215,Ted Cruz Heckled Out Of D.C. Restaurant,0.0
7711,0.0,0.6142321903428525,Orlando resident: I send my mother to Disney for hurricanes,1.0
11277,1.0,0.2847468144631955,"Wildfires More Frequent Because Of Climate Change, Forest Management",0.0
15407,1.0,0.4943673794405426,"Prince Harry, Meghan Markle Debating Between Hawaiian Luau- Or ‘X-Files’-Themed Wedding",0.0
8390,1.0,0.13110151148902122,"california man burns down a forest, so no more neighborhood dogs could get lost.",0.0
13062,1.0,0.19572289814937394,Are You Being Forced To Move To A New School Several Times A Year Because Your Dad’s In The Army Or Because He Loves The Army?,0.0
6395,0.0,0.7085407644912091,NASA remixed an Ariana Grande song to promote its mission to put a woman on the moon,1.0
1182,0.0,0.6385256722871251,Andrew Cuomo Uses Racial Slurs In Radio Interview About Racism Against Italians,1.0
11393,1.0,0.002653481381614593,Little Miami High School's name 'hacked' to 'Gay Night Club for Teens' on Google,0.0
7578,0.0,0.8182333446053608,The actor who played Dale Gribble on King of the Hill has gone crazy,1.0
4341,0.0,0.6663804312450003,Windows 10 Search Issues: Microsoft Labels It Resolved Without Issuing Fix,1.0
11748,1.0,0.4108519459285092,Area Grandmother Tries Indian Food,0.0
8332,1.0,0.4730492873864501,Newt Gingrich Slams ‘New York Times’ 1619 Project As Shameless Abolitionist Propaganda,0.0
17021,1.0,0.296623464513057,Your HOA Rights &amp;amp; Chickens,0.0
8533,1.0,0.19652306469759057,Pizza Crust Saved To Make Pizza Stock,0.0
12842,1.0,0.36707730362810853,"Windows Toolbar, Mouse Cursor Visible Throughout Memorial Service Slideshow",0.0
12658,1.0,0.23881131271269446,Ditching Tight Pants Improves Sperm Count,0.0
1241,0.0,0.5365244897729212,Ellen DeGeneres gifts baby Trump a golden stroller with its own chandelier.,1.0
13289,1.0,0.4269472018271959,Another Failure: Facebook Is Scrambling To Beef Up Security After Discovering Millions Of Users Who Falsely Listed Their Education As ‘School Of Hard Knocks’,0.0
8937,1.0,0.3688636560870599,Wedding Experts Say Engagement Ring Should Cost At Least Three Diamond Miners’ Lives,0.0
522,0.0,0.8833461015037216,"Recall Leroy Garcia effort 13,502 signatures short of 13,506 signature goal",1.0
8717,1.0,0.413519818091399,Man Annoyed At Being Mistaken For Employee Just Because He Driving Forklift Through Store,0.0
1364,0.0,0.6497784537239876,You can now pay social media influencers to be your friends,1.0
8509,1.0,0.313886091999681,Pervert with ‘very ugly penis’ drove up beside woman’s car then began masturbating,0.0
12610,1.0,0.2486846516199935,So Close: Woman In Fairytale Kisses Frog But It Just Turns Into Frog With Human Hand,0.0
3289,0.0,0.6719377079800641,I can't with this planet,1.0
3433,0.0,0.7050838463890322,Giants’ Fan Appreciation giveaway backfires: SUV goes to a Dodgers fan,1.0
10800,1.0,0.472235761713073,‘Sesame Street’ Includes First Muppet To Experience Homelessness,0.0
8478,1.0,0.4314492030292091,Mean Automakers Dash Hope For Flying Cars,0.0
14753,1.0,0.49828027483019494,"Gym Places Flowers, White Spin Bike In Spot Where Soul Cyclist Killed",0.0
7024,0.0,0.5757805859372525,And whoever pulls it out of there shall be crowned King of Florida,1.0
12437,1.0,0.02696777103104833,California Man Charged With Threatening To Kill ‘Boston Globe’ Employees,0.0
13592,1.0,0.019060835973814888,"Man who sold out country for $ criticizes woman who sold body for $. ""Maybe I'm just a hypocrite?"", asked Giuliani rhetorically.",0.0
3454,0.0,0.9876938028730025,obama returns to power? lots of Christians having dreams,1.0
3158,0.0,0.8687346263901902,Do you boast about your fitness? Watch out – you’ll unavoidably become rightwing,1.0
13629,1.0,0.37937441325676946,Dunkin’ Donuts Signs 10-Year Partnership To Be Exclusive Food Vendor Of United States,0.0
4436,0.0,0.7596303695605638,Christian TV Host: Meatless Burgers Are Satanic Plot To Create ‘Race Of Soulless Creatures’,1.0
14803,1.0,0.4787098446174048,Male Birth Control Pill Shows Early Promise,0.0
16531,1.0,0.1733782462485743,Bushfires Keep Us Warm Says Tony Abbott,0.0
7373,0.0,0.5766462270917468,Disney Under Fire After Leaving Cruise Staff in Bahamas,1.0
6854,0.0,0.5020290492438324,Lizards poop on the biggest rocks around,1.0
3317,0.0,0.8609939545249637,Google searches for ‘climate change’ finally beat out Game of Thrones,1.0
3673,0.0,0.5269734685733539,National Communication Association suspends discussion Listserv,1.0
17039,1.0,0.38469409014641187,The Final Straw: Trump Was Forced To Dissolve His Business Council After Twinkie The Kid Resigned In Protest,0.0
8011,1.0,0.02357046285923984,The Onion called it: America Needs a Moat (...filled with alligators),0.0
7812,0.0,0.8357413091397716,Some things your sign needs to know,1.0
11575,1.0,0.08076603324665516,New York Sues ExxonMobil For Misleading Investors On Climate Change,0.0
6717,0.0,0.5189389796227236,"Juncker used ‘brightly coloured, simple flashcards’ to explain trade to Trump during meeting",1.0
606,0.0,0.5921923730218276,"Assassination job gets subcontracted four times, leads to arrest of everyone",1.0
8250,1.0,0.34432307808633145,Shocking Report Says Even The Smallest Horse Bite Can Be Harmful To Newborn Babies,0.0
5639,0.0,0.6023217366285224,Insert interesting title,1.0
8208,1.0,0.19691332991104296,Jo Johnson resigns as Tory MP to spend less time with his family,0.0
8135,1.0,0.32782498988850617,Joe Biden Hitchhikes To Democratic National Convention,0.0
6951,0.0,0.5528143707032894,Trump clings to idea Alabama faced big threat from Dorian,1.0
2298,0.0,0.621520893999405,This is so funny,1.0
11799,1.0,0.325131369277467,Democratic Candidate Blows Fundraising Lead On Massive 15-Story Lawn Sign,0.0
4712,0.0,0.5450387591252766,"Cdmx| Obten información relevante de Cdmx, de sus municipios y de sus colonias. | Miguelhidalgo",1.0
11455,1.0,0.4410842301636558,Trump Boys Proud After Mailing In Hand-Drawn Republican Ballots To North Pole,0.0
3420,0.0,0.510075336504168,Obama to Produce Netflix Series About Trump’s Impeachment,1.0
14739,1.0,0.24812062379124783,News: Joining The Resistance: This Woman Marched With The Florida Teens Because She Thought She Was At Mardi Gras,0.0
7735,0.0,0.92400636416072,"There’s an emu on the loose in North Carolina, and nobody’s been quick enough to catch it",1.0
425,0.0,0.6523381633281345,Woman rescues 27 paralysed dogs including Elton John who is ‘still standing’,1.0
9507,1.0,0.27258522468818847,Bold New Rebrand: The U.S. Military’s New Official Slogan Is Now ‘Toot Toot Honk Honk Army’,0.0
13714,1.0,0.30557437875076165,"Commencement, A Duress",0.0
3067,0.0,0.6488699084556995,White House sought cost estimate for alligator-filled moat to fortify The Wall,1.0
15485,1.0,0.4109969878185208,Guantánamo Inmates Cheer After Learning Trump Saved Their Home,0.0
4378,0.0,0.6875949133449359,"There’s a new case of a rabbi sucking on a newborn’s penis and giving him herpes -- ""it must be stopped. Religious freedom can’t be an excuse to get away with something that would never be tolerated outside the religious bubble""",1.0
10993,1.0,0.11248344524710849,'It's the real me': Nigerian president denies dying and being replaced by clone,0.0
1863,0.0,0.813511210449299,NBA Number Eight! China Number One!,1.0
409,0.0,0.9725627897017362,His stable IQ isn’t the only thing he got from daddy,1.0
8669,1.0,0.24817498141941016,CAQ insists religious symbol ban can't be Islamophobic if it's also anti-Semitic - The Beaverton,0.0
15880,1.0,0.4293000833534999,Doug Jones Thanks Child Bride During Victory Speech,0.0
5652,0.0,0.5338424297555832,Driver tries to skirt broken tail light with red drink,1.0
13566,1.0,0.39895134516983993,"If Deadpool Really Is That Rebellious And Cool, Marvel Won’t Mind Us Using Him In This Unlicensed T-Shirt We’re Selling In Our Store",0.0
12355,1.0,0.0681607815342604,https://www.theonion.com/defiant-dallas-police-officer-claims-anyone-could-have-1828942372,0.0
13574,1.0,0.47615071927438846,"Justify, Bravazo Get Into Skirmish During Belmont Stakes Weigh-In",0.0
16640,1.0,0.35610715658967934,Officials Investigating Hugh Hefner’s Death Suspect Foreplay,0.0
11118,1.0,0.4120218046586527,"Poetry Major Waxes Rhapsodic, Floor",0.0
4699,0.0,0.72557309035651,"Sean Bean has had it with dying (in movies), says he has to ‘start surviving’",1.0
9119,1.0,0.11649805190682203,Shameful Bullying: Cruel Kids At School Are Laughing At This Boy Just Because His Name Is Boner Von Rimjob And His Pants Fell Down During His Solo Tuba Recital,0.0
254,0.0,0.5306830597766581,"“Frank Ocean Really, Really Loves Multinational Courier Services”",1.0
15410,1.0,0.41708288126928006,"Prince Harry, Meghan Markle Debating Between Hawaiian Luau- Or aX-Files-Themed Wedding",0.0
2999,0.0,0.9101576620132938,This person used to spit on my car drivers window every morning,1.0
10501,1.0,0.46775641249074246,Michael Cohen Says He Paid To Rig Polls In Trump’s Favor,0.0
1835,0.0,0.8226148954573091,Report: Cheap Android phones are a nightmare for privacy,1.0
4760,0.0,0.5653370225091235,"Brandishing a wad of cash, Trump pitches himself as a generous tipper",1.0
8306,1.0,0.3038689874568337,Brazilian Government Equips Firefighters With Flamethrowers To Combat Massive Amazon Rainforest,0.0
14448,1.0,0.018459664233174723,Manager Of Combination Taco Bell/KFC Secretly Considers It Mostly A Taco Bell,0.0
9796,1.0,0.23684981521640847,U.S. Congressional Candidate Calls for Government Legislation in Response to Internet Trolls Attacking 'Captain Marvel',0.0
13932,1.0,0.2254329720062353,Woman Nervously Reaches For Cell Phone As Suspicious Black Man Tells Her Today’s Soup Is Minestrone,0.0
1469,0.0,0.5110266120669195,Inequalities in heart attack care ‘costing women’s lives’ [BBC],1.0
2636,0.0,0.7260067063707452,John Wayne no longer a star at his alma mater; USC students denounce late actor for ‘legacy of endorsing white supremacy’,1.0
14047,1.0,0.15031941661240628,Israel Offends Japanese Prime Minister By Serving Dessert In Shoe,0.0
12565,1.0,0.14141281882480966,"Man Shoots Pregnant Cow, Sentenced to Prison",0.0
15352,1.0,0.13671766218405385,Swing-dancer banned from club for ‘mansplaining’,0.0
7183,0.0,0.9893668504904769,"Dan Crenshaw: With universal background checks, I wouldn’t be able to let my friends borrow my handgun",1.0
9281,1.0,0.16999264555446789,Guess If a Headline Is from r/theonion or r/nottheonion!,0.0
11631,1.0,0.4886625029063169,Does Amari Cooper's Time Playing For A Terrible Head Coach Make Him A Perfect Fit For The Cowboys?,0.0
13651,1.0,0.21843277665468958,Ubisoft Confirms It Developing ‘Assassin's Creed’ Set In Ancient Greece,0.0
9953,1.0,0.3305505185500242,Ebony And Irony,0.0
7424,0.0,0.7173958894835947,A recent study shows that using emojis gets you laid more often,1.0
8706,1.0,0.384461244168537,World War II Documentary Suffused With Anti-Nazi Undertones,0.0
9383,1.0,0.2586893546068354,Lawmaker's War Hero Son Would Have Wanted Road Bill Passed,0.0
3528,0.0,0.8396574875535391,How does this work?,1.0
11044,1.0,0.4408550844353766,This Is My Favorite Time Of Year Because I’m Sexually Aroused By Toy Soldier Makeup,0.0
1998,0.0,0.9219994125026134,It beginning to look like Christmas,1.0
8282,1.0,0.4329881999374336,My rental car thinks The Onion is these two Asian dudes,0.0
14538,1.0,0.29845655377291713,/r/OnionHeadlines - Fake news for do-it-yourselfers,0.0
11884,1.0,0.20911247450633308,High School Suspends Hunky Student For Wearing Shirt,0.0
2496,0.0,0.694935257060465,Ticket Scalpers Struggle as UT Vols Continue to Lose,1.0
4394,0.0,0.5878535155546971,Trump Allies Think Vaping Ban Could Cost Him 2020 Election,1.0
15209,1.0,0.44616042999566285,Grandfather Seems Proud Of How Many People Polio Killed,0.0
5494,0.0,0.8922699495305292,Mom Throws Dream Party for Personal Injury Lawyer-Obsessed Toddler,1.0
7716,0.0,0.7720007305209311,Cross cross post,1.0
1968,0.0,0.6274440537599459,"No, RBI is not going to discontinue Rs 2000 currency notes; false message viral",1.0
6109,0.0,0.7934572818352006,Tucker hails firing of John Bolton: He was 'fundamentally a man of the left',1.0
15207,1.0,0.304207557884559,Oxfam: ‘Your Donation Will Help Us Protect Impoverished Girls From Our Employees’,0.0
5856,0.0,0.5579734059676678,Biden mistakenly refers to sanders as ‘the president’ during debate,1.0
10421,1.0,0.33565230315487515,"We Sat Down With 10 Doctors And Asked, Is It Cancer? Oh God, It’s Cancer, Isn’t It?",0.0
8989,1.0,0.3824412115006605,Box With Cooking Instructions Immediately Retrieved From Trash,0.0
13639,1.0,0.49176729015896586,"‘Cooking Together Is So Fun,’ Says Man Correcting Girlfriend’s Every Knife Cut",0.0
11932,1.0,0.24100668691383087,Excited Patient Points Out Organ He Wants From Kidney Tank In Hospital Lobby,0.0
12650,1.0,0.1573665896703886,India Rolls Out Healthcare For 500 Million People,0.0
4484,0.0,0.6629392261162199,"Dems Cook 10,500 Steaks While Lecturing Americans About Eating Less Meat",1.0
14542,1.0,0.10779116514435805,Russian Woman Embalmed Alive After Hospital Mix-Up,0.0
14210,1.0,0.13635790848822518,Scumbag: Dishonest Jerk Uses Fake Head To Cheat At Russian Roulette,0.0
3653,0.0,0.6680552183551834,Giuliani set to make paid appearance next week at Kremlin-backed conference that includes Putin,1.0
10166,1.0,0.0029278752872100933,Actor Terry Crews says the National Enquirer's publisher tried to 'silence' him with fake stories as Jeff Bezos accuses the tabloid of blackmail,0.0
7201,0.0,0.8818619600271609,Kalashnikov unveils new electric car,1.0
2909,0.0,0.5179412001259686,No More Cocks on Sticks at Goose Fair after this year,1.0
8755,1.0,0.4874767388992751,E3 Organizers Cancel Convention After Discovering Immersive Power Of Literature,0.0
2412,0.0,0.627913161815604,Israeli military marks ‘Mean Girls Day’ by trolling Iran on Twitter,1.0
5598,0.0,0.9727580608937171,You'll find an all-mustard vending machine and thousands of jars from around the world at the National Mustard Museum,1.0
17066,1.0,0.43385200370088,Blog: My Republican Colleagues Must Condemn Racist Violence And Recommit Themselves To Peacefully Passing Racist Laws,0.0
8139,1.0,0.1867126625710208,"I did the art and headline, now please write the article",0.0
9865,1.0,0.4255407444741801,Sexist Media Keeps Only Referring To Woman As ‘Bride Of ISIS Soldier’,0.0
2941,0.0,0.5679199660934083,Man gets tired of waiting for Muslims to carry out another terrorist attack in Europe so he converts to Islam himself and gets the job done,1.0
1121,0.0,0.7152466704027728,"RNC Chairwoman Decries Nepotism In Politics — Even Though Mitt Romney Is Her Uncle | One Twitter user summed it up: “I don’t know if you quite understand what nepotism means, Niece of Mitt Romney.”",1.0
4111,0.0,0.686934481560009,Of course this is a thing,1.0
2145,0.0,0.5618815603679027,Nevada named 3rd most haunted state,1.0
2892,0.0,0.9186355933797087,Orioles players send handwritten thank you notes to fans after disappointing 108-loss season,1.0
12563,1.0,0.34756496877617465,"The Onion: University of California, Berkeley 'Students Excited To See Slate Of Notable Speakers Who Will Be Disinvited To Campus This Year'",0.0
11410,1.0,0.2721302287693427,The Shrek/Raw Onion Challenge,0.0
10393,1.0,0.31396755149147254,Sick Liberals Photoshop Brave Patriot's Face Onto a Saltine CRACKER and Lib University SHRUGS,0.0
2299,0.0,0.8406245142105149,Pigeon shits on man complaining about pigeon shit,1.0
5202,0.0,0.575220630369952,Local Telecommunications Company Unveils Pumpkin Spice-Scented Office Phones,1.0
214,0.0,0.8827968353920735,Trump says being president has cost him $2 billion to $5 billion,1.0
9369,1.0,0.18000931000044906,Police Officer Demonstrates Proper Technique For Subduing Grand Jury,0.0
506,0.0,0.6922949613317466,Women on Historic Spacewalk Pause to Politely Correct Man’s Error,1.0
6310,0.0,0.5600025158171758,Aussie Girl Has Thumb Replaced With Big Toe After Shocking Surgical Error,1.0
6067,0.0,0.5061757498025863,Reindeer accident hospitalizes 12 Finnish soldiers in Lapland,1.0
4313,0.0,0.5485641315311794,Yahoo redesigns its logo to remind you that Yahoo exists,1.0
10344,1.0,0.44385759365137184,Justin Trudeau Unveils Plan To Meet Healthcare Needs Of Canada’s Aging Prog Rockers,0.0
16056,1.0,0.434358255877315,Prince Harry Engaged To Woman Who Will Never Love Him The Way 29-Year-Old Idahoan Graphic Designer Jennie Hoffman Does,0.0
474,0.0,0.6387714471381385,พรีวิว พรีเมียร์ลีก : “แดงเดือด” แมนเชสเตอร์ ยูไนเต็ด VS ลิเวอร์พูล,1.0
4508,0.0,0.5227943496346299,‘Shallow’ hit-maker Mark Ronson comes out as sapiosexual,1.0
9628,1.0,0.0661544813209935,"Santorum Now Viciously Condemning Homosexuals, Minorities, Women For $100,000 Speaking Fee",0.0
3931,0.0,0.8860690601982527,"Baseball games have steadily gotten longer, but some fans have embraced the slower place by knitting sweaters, mittens and scarves in the stands",1.0
4780,0.0,0.8168770025038878,"Driver tries to outrun trooper, thinks squad car only has V-6",1.0
2588,0.0,0.9826812771723672,30 stone man denies eating fast-food every night has anything to do with his weight,1.0
1896,0.0,0.5367008154294008,Afghan Town’s First Female Mayor Awaits Her Assassination,1.0
1460,0.0,0.936140817409807,Stuart Little leads art historian to long-lost Hungarian masterpiece,1.0
11369,1.0,0.3502432798692214,Buy Partisan,0.0
3497,0.0,0.6971749143884961,John Kelly reportedly used to mute the line during calls with world leaders to urge Trump not to discuss sensitive topics,1.0
13349,1.0,0.4907912567728257,Advocate against white privelage,0.0
9774,1.0,0.28719278560263967,Three-Year-Old Gets Carried Away,0.0
2788,0.0,0.6441312789150078,University and College Union apologises after failing to include Jews on list of groups of Holocaust victims,1.0
12254,1.0,0.20289203371322265,Are Reality Shows Setting Unrealistic Standards For Skanks?,0.0
10625,1.0,0.44246288401258094,"Everyone In Middle East Given Own Country In 317,000,000-State Solution",0.0
7129,0.0,0.7165025324411055,The MTA Is Getting Tired Of Having To Retrieve AirPods From Subway Tracks,1.0
3442,0.0,0.6433287339113622,Yeh Rishta Kya Kehlata Hai - 30th September 2019 | Today Latest Episode ...,1.0
3741,0.0,0.8950192037445127,How to Eat Out a Non-Op Trans Woman,1.0
973,0.0,0.8682352720448666,Report: Rockets were shocked at how poorly Carmelo Anthony performed in their defensive scheme,1.0
2130,0.0,0.9193029727649936,Can you follow me here please,1.0
5346,0.0,0.7452494401446993,Hulk smash out of EU,1.0
5312,0.0,0.5678601753685187,Probably Not Good Idea for Brett Kavanaugh to Sue for Libel over Sex Assault Allegations,1.0
14648,1.0,0.4058132876324937,Depressed Businessman Takes 16 Power Naps A Day,0.0
11623,1.0,0.3671162863830254,Extremely Brave: Strong President Donald Trump Is Courageously Sitting On His Toilet In A Gas Mask While The White House Gets Fumigated,0.0
8242,1.0,0.47855728619039306,Ed Sheeran Announces Plan To Give Public Well-Deserved Break From His Music,0.0
196,0.0,0.6033376865633306,Artificial skin creates first ticklish devices,1.0
7637,0.0,0.7949560684835535,I wonder what it smells like,1.0
8707,1.0,0.10234747252545216,National Security Crisis: President Trump’s New Ponytail Is Stuck In The White House Fax Machine After He Tried To Fax An Image Of It To Xi Jinping To Make Him Jealous,0.0
6632,0.0,0.5221692513381793,That's some good soup,1.0
3813,0.0,0.8860136528524359,Prince Andrew’s sex abuse accuser tried to extort millions out of Victoria’s Secret boss Les Wexner,1.0
417,0.0,0.8006966552183468,I actually thought this was an onion article,1.0
13709,1.0,0.3371534167804742,Air Force Uncovers LSD Use Among Airmen Guarding Nuclear Missiles,0.0
8382,1.0,0.3279060402809001,"Hahaha, that’s a funny Onio...CNN! Has The Onion become reality?",0.0
11092,1.0,0.11935880384807243,VH1 Reality Show Bus Crashes In California Causing Major Slut Spill,0.0
5644,0.0,0.5783386324672941,One-year-old prescribed antidepressants by NHS in Scotland,1.0
13486,1.0,0.006302011321847959,"Darknet Plug.. xanies, oxys, hydros, roxys, etc . Wickr ID : alphapro007 . Fast #delivery, overnight, best prices",0.0
12014,1.0,0.37337683245538433,Last Living California Raisin Dies Of Prostate Cancer,0.0
11193,1.0,0.381924940903825,California Sets Goal Of 100% Clean Energy By 2045,0.0
4421,0.0,0.5221744714258395,"Queen heads to church service at Balmoral with royals, but no sign of Prince Andrew",1.0
2925,0.0,0.5099827360086876,"Employer ""warns"" other applicants of the perils of social media by body shaming applicant.",1.0
5408,0.0,0.5445784634104094,Cigarettes: a healthy alternative to vaping,1.0
6581,0.0,0.8118137739763313,"Trump family ‘dynasty’ will ‘last for decades,’ 2020 campaign chief says",1.0
9743,1.0,0.30678413757285766,USC Insists Lori Loughlin’s Daughter Was Admitted Solely Based On Socioeconomic Background,0.0
2132,0.0,0.6663672687103469,Star Wars Jedi Fallen Order PC spec recommends 32GB RAM,1.0
9823,1.0,0.4413333821445377,R. Kelly transferred to a Youth Detention Center.,0.0
11660,1.0,0.4831130007621081,Applebee’s Steak Sent Back For Not Being Properly Slathered,0.0
8013,1.0,0.26182091573025157,Police Union Decries Egregious Carriage Of Justice In Amber Guyger Murder Conviction,0.0
443,0.0,0.7571160893797021,Grown man steals little girl’s bike and rides off on it,1.0
7395,0.0,0.765111834708306,Not sure if this has been posted here yet.,1.0
4336,0.0,0.6044112761719157,A gay Imam hopes to open one of the first LGBT+ friendly mosques,1.0
11605,1.0,0.23199125788020702,An anonymous 4chan post could help solve a 25-year-old math mystery,0.0
49,0.0,0.8116411939510924,Why WeWork founder Adam Neumann is getting $1.7 billion to leave the company he ran into the ground,1.0
2885,0.0,0.6507092102945001,Man Gored By Bison Brings Date Back To Exact Same Trail Where She Is Promptly Gored By Same Bison,1.0
5265,0.0,0.5948329401773941,New Airbus planes will track when you go to the bathroom,1.0
1399,0.0,0.531930721986366,The Uprising,1.0
4657,0.0,0.6632044142787037,Gardner Minshew Smashed Own Hand with Hammer to Keep College Eligibility,1.0
15408,1.0,0.19594821945756224,Popsicle Reintroduces Beloved 'Plain' Flavor,0.0
4705,0.0,0.6839775343739899,Roughriders apologize to beef producers for ad that showed fans eating Beyond Meat burgers,1.0
3711,0.0,0.5832397830002541,The Libertarians on the Anti-Krugman Cruise Just Want to Be Left Alone,1.0
3033,0.0,0.9107817813441924,"No, El Chapo didn’t testify that Comey laundered $150 million for Pelosi",1.0
681,0.0,0.5453538399068276,Kevin Gates Shares Hilarious Reason He Decided to Lose Weight - XXL,1.0
4956,0.0,0.508389269352738,Norway presents a building that creates more energy than it consumes,1.0
8615,1.0,0.0544170031420594,Cops Cleared On Corruption Charges After Implicating Decorated Police Dog,0.0
12633,1.0,0.41777864695643585,Record Number Died In Opioid Epidemic In 2017,0.0
8852,1.0,0.15452712464638993,New Louisiana Abortion Law Requires Fetuses Be Given Jazz Funeral March Through The French Quarter,0.0
6032,0.0,0.6269852413130784,"Facing criticism, Westminster Mayor Tri Ta proposes resolution condemning ‘abettors’ of communism",1.0
4485,0.0,0.6109507148882384,OJ Simpson offers LEGAL ADVICE,1.0
1842,0.0,0.8057973306658426,The NBA prides itself about freedom of speech yet it is silenced by China,1.0
1684,0.0,0.9443059828865901,Trump: Biden ‘understood how to kiss Barack Obama’s ass’,1.0
14664,1.0,0.45737344289844073,"Recently Discovered 13,000-Year-Old Footprints Reveal Humans Danced The Charleston Earlier Than First Thought",0.0
13938,1.0,0.11877879825565471,"Here Are The Best Moments From Our ""Ask Questions At Me"" With 'Slip ’N Slide Haircut' Host Claudia Pla’ant",0.0
17022,1.0,0.4353444417740393,"Aides Say Bannon Was Not On The Record When He Issued Deafening, Atonal Howl That Caused Journalist’s Skull To Explode",0.0
15682,1.0,0.006297956128351884,"Larry Nassar: 'Who Among Us Hasn't Made A Mistake Repeatedly And With Wild, Shameless Abandon?'",0.0
4904,0.0,0.891705557551382,Woman files for divorce for going through ‘hell’ because of husband’s ‘extreme love’,1.0
7095,0.0,0.5281014736139393,This belongs here right?,1.0
10909,1.0,0.3513684364820328,Flakes On A Plain,0.0
7953,1.0,1.4652097245127054e-05,"'Buddhist aliens' have visited 'Thailand’s Area 51' and predicted World War 3 - ""Police have tried to shut down UFO cult, and say they’ll arrest aliens if they can""",0.0
12865,1.0,0.09090516242068536,Turkey to return Eurovision 'if no more bearded divas',0.0
996,0.0,0.598730104114585,Straight outta Kansas,1.0
14833,1.0,0.45133943154134853,Damning Evidence Shows Actor Al Jolson Wearing Blackface,0.0
1490,0.0,0.9966100936338889,"Amabest New Egg Cooker - 7 Egg Capacity Electric Egg Cooker with an Egg Slicer for Hard Boiled Egg, Poached Egg, Scrambled Egg, Salad with Egg, Omelets, Nutrition Egg with Auto Shut Off Feature",1.0
5611,0.0,0.850551385133515,"Lab rats play hide-and-seek for the fun of it, new study shows",1.0
16503,1.0,0.45715701017895416,Report: Nothing Wrong With A Good Old-Fashioned Ham And Cheese Sandwich,0.0
16009,1.0,0.2569026978698472,Trump Retweets Video from Anti-Muslim Hate Group,0.0
14145,1.0,0.2222938175528118,Amazon Fires Warehouse Worker Who Took Unauthorized Breath,0.0
6690,0.0,0.5078140955394874,Half of Scots Oppose Ban on Two-For-One Foods,1.0
13229,1.0,0.23248303705541332,"Ducks Go Quack, Chickens Say Cluck - Onion Talks",0.0
9588,1.0,0.447469318875925,Family Members Locked In Heated Bidding War To Convince Cat To Sleep In Their Bed,0.0
3471,0.0,0.5983216173314578,Robert De Niro on criticism he gets from Fox News for Trump opposition: ‘F-ck ’em,1.0
3208,0.0,0.5042114314103543,Your Beef Stew Needs Ketchup,1.0
12817,1.0,0.3936083874519028,Selfish Missouri Voters Reject Anti-Union Law After Everything Bosses Have Done For Them,0.0
6732,0.0,0.6384041234306219,Facebook has leaked 419 million phone numbers,1.0
12336,1.0,0.20550760295322068,Survey Finds Majority Of Autonomous Car Crashes In California Caused By Human Error,0.0
12653,1.0,0.27336978748150187,Intelligence Setback: The CIA Is In Crisis Mode After ISIS Made Its Instagram Private,0.0
2922,0.0,0.5722509706993036,Mouse Falls From White House Ceiling Onto TV Reporter,1.0
14746,1.0,0.34882566069251514,"A Qatari ""Most Wanted"" terrorist finishes second in a Qatari-sponsored triathlon",0.0
6400,0.0,0.7008021829002251,Uganda runs out of condoms,1.0
5012,0.0,0.6622326681778781,"Update on the big, dumb gravel pit at Colfax and Broadway: It’s still a gravel pit",1.0
10675,1.0,0.25387116202368926,Ancient Space [Online Game Code] is 75% OFF,0.0
11136,1.0,0.09486569341619124,"GM Announces Money Saved From Layoffs To Fund Massive Investment In Lake Homes, Private Jets",0.0
17050,1.0,0.25481793790686125,"Google, GoDaddy Pull Registration For Neo-Nazi Site",0.0
2896,0.0,0.9384294528886935,Win-Win-Heart-Attack-Dinner,1.0
15524,1.0,0.46378287150517367,"The Secret To My 65-Year Marriage Is Trust, Respect, And Threatening To Kill Myself If She Leaves",0.0
6770,0.0,0.5323091849556479,Oh boy,1.0
2325,0.0,0.6497037816974758,I checked and double checked and triple checked. They really do sell this giant TP roll with stand.,1.0
7290,0.0,0.8045838940828269,Justice Kavanaugh spotted spending down time taking part in running race,1.0
8287,1.0,0.49786952317303057,"ALERT: This 16-Year-Old Girl Is Believed To Be Missing, Please Be On The Lookout For A—Oh Wait, She’s Right Here, Nevermind",0.0
14644,1.0,0.3603676133337195,Yankees Eliminate Longstanding ‘No Pubic Hair’ Policy,0.0
39,0.0,0.9540012484042794,It’s hit men all the way down,1.0
13865,1.0,0.3133191534914121,Authorities Say Dozens Of Bystanders Failed To Act As Man Went About His Life,0.0
4112,0.0,0.655422394848506,Super serial guys,1.0
4512,0.0,0.8272462837994172,"Pregnant Mom Kills Home Invader in Justified Shooting, Now Going To Prison For the Gun She Used",1.0
13189,1.0,0.3571775707183852,I Am The Famous Ape Inspector Jane Goodall. Ask Me Anything About Apes And Living In The Jungle With Them.,0.0
16923,1.0,0.33176146975178966,7 Things Women Wish Men Would Do During Sex,0.0
6916,0.0,0.5186402543827878,Yummy!,1.0
14979,1.0,0.28032511422743306,Britain Blames Russia For Poisoning Of Former Spy,0.0
6094,0.0,0.6177540166664219,Mental health pastor dies by suicide,1.0
12630,1.0,0.45238568303830856,Doctors Clear Ben Roethlisberger For Unwanted Contact,0.0
2461,0.0,0.8792172323700721,This Lesser-Known (But Super Common) Dryer Setting Will Save You Hours of Ironing,1.0
7693,0.0,0.8493398490831782,Crazy old man who wants to give everyone everything for free wants India to gift Kashmir to Jihadis,1.0
15079,1.0,0.07926931401593322,Doctor Performs Brain Surgery On Wrong Patient,0.0
1557,0.0,0.7931949115150153,Secret Service visit home of activist who ‘glitter bombed’ Trump,1.0
6746,0.0,0.8057770591136659,How will we ever survive?,1.0
6734,0.0,0.7825432504600562,Married chef dupes single mother into ‘exorcism sex’ to purge her bewitched son,1.0
4470,0.0,0.7616999690525503,This title is just insanity,1.0
15584,1.0,0.005665941831339307,Tennessee man flips car five times after letting 'Jesus take the wheel',0.0
8986,1.0,0.2783435945384596,Aides Request John Bolton Please Stop Setting Fire To Middle East Tactical Map,0.0
15050,1.0,0.40864616146760047,"When This Woman Was Told She Couldn't Vote, She Quietly Obeyed The Law Isn't That Inspiring In Its Own Way?",0.0
6514,0.0,0.5302325896392572,Old but gold,1.0
1158,0.0,0.7336928278592493,NJ Transit Plans Nicer Stations Where Riders Can Wait Out Delays,1.0
4317,0.0,0.5630396908610135,Cast Net Fishing | Best Catch Fishing in The River # 9,1.0
1031,0.0,0.592774522008186,"Donald Trump has kept his imaginary friend throughout his entire life and his name is ""Zippy""",1.0
3702,0.0,0.7722141288975478,NUS undergrad molester avoids jail because he has good grades &amp; ‘potential to excel in life’,1.0
11336,1.0,0.46221530463471244,"Emmanuel Macron Calls For ‘True European Army’ Against U.S., Chinese Threats",0.0
1086,0.0,0.8762252142559206,"No happy ending for the 93,000 Kazakh domains that got nixed instead of massage parlour's site",1.0
6372,0.0,0.5790031922497515,Bandai Gifts Police Gold Gundam After Breaking Up Illegal Gunpla Ring,1.0
6322,0.0,0.5290391148130512,Sierra Leone fans attack player's house after penalty miss,1.0
1303,0.0,0.6654421125592906,"Joker Actor Robert De Niro Lashes Out at President Trump: He’s a “Relentless and Unrepentant, lying Scumbag”",1.0
12189,1.0,0.1510659612146302,"The Investigation Stalled, The Case Went Cold, We Had To Print Something Anyway",0.0
1669,0.0,0.5544610296619156,Future tells his 7th alleged baby mana to start a go fund me for child support,1.0
226,0.0,0.5795918641328588,Trump warns U.S. 'may have to get in wars',1.0
11585,1.0,0.49219116043401834,Mysterious Crate Arrives From London,0.0
15892,1.0,0.2066973424985575,Unpatriotic Man Does Not Maintain Erection During National Anthem,0.0
1676,0.0,0.7003503125413059,Top GOP officials pressure Buffalo Wild Wings to host Trump rally watch party,1.0
11925,1.0,0.29017735857465915,Zangief Blasted For Disrespectful Celebration After Fight In Spain,0.0
12751,1.0,0.32270278990925094,Rudy Giuliani Backtracks On Previous Statements Referring To 9/11 As Tragedy,0.0
2173,0.0,0.8737301497913386,Pro-Hamas website twitter message in honor of Yom Kippur,1.0
8106,1.0,0.3588918427347417,Justin Trudeau Responds To Blackface Criticism With New ‘Triggered?’ Campaign Slogan,0.0
11154,1.0,0.43579584762038925,South Postpones Rising Again For Yet Another Year,0.0
9192,1.0,0.31137538065072046,Coast Guard Terror Suspect Released After Cell Needed For Nonviolent Drug User,0.0
7725,0.0,0.8877390958764714,"[Rovell] JUST IN: LeBron James leaves no potential business opportunity on the table. Over time, he has sought to own “Taco Tuesday.” He has now filed to trademark the phrase for social media posts and a show of that name. First discovered by @JoshGerben",1.0
305,0.0,0.6397409942378214,Man With Three-Foot Penis has Surgery – The Whistler NG,1.0
3742,0.0,0.7452012735737384,Westford resident gives town the middle finger—and there's nothing anyone can do about it,1.0
6124,0.0,0.9859756999371552,I thought of this subreddit immediately after seeing this,1.0
1535,0.0,0.8630494327609924,How to lose stubborn belly fat quickly !!,1.0
3341,0.0,0.5160705436087561,World’s Biggest Gathering of Nigels Attractd 433 Nigels To ‘Celebrate Nigelness’,1.0
13964,1.0,0.302686138208055,"NASA Receives Info On Jupiter's Large Helium Deposits From Juno Probe's Squeaky, High-Pitched Transmission",0.0
6693,0.0,0.6361615228360721,Todd Barket Gets Fingered After Job Application Requiring Finger Printing Ties Him To Cold Case,1.0
4934,0.0,0.6479770190033318,Elon continues to amaze,1.0
6681,0.0,0.6488256164719253,RIP Stan Lee,1.0
8593,1.0,0.30040883759194503,"Homeland Security allows bayonets, but ICE negates toothbrush for wooden teeth.",0.0
11446,1.0,0.3974093439672691,"North Carolina Voter In Heavily Gerrymandered District Somehow Voting For Montana Senate, Mayor Of Phoenix",0.0
9282,1.0,0.1834446034391151,"Article from 1992, photos. Against the rules?",0.0
5902,0.0,0.8399108015597991,Sean Hannity Email Accuses Democrats of Covering Up the Cure for Cancer,1.0
13868,1.0,0.154001983805405,"Desperate Starbucks Now Pleading For People To Masturbate, Use Drugs In Its Restrooms",0.0
12750,1.0,0.44526970622592865,Counter Protesters Far Outnumber White Nationalists At ‘Unite The Right’,0.0
14150,1.0,0.07234595338808235,Kanye West Says Slavery Was A Choice,0.0
12690,1.0,0.43640039917991824,Fox News Apologizes For Mistaking Patti LaBelle For Aretha Franklin,0.0
10786,1.0,0.4645335783013412,By A Space Heater,0.0
4059,0.0,0.9141399237915202,Oh god oh fuck,1.0
12932,1.0,0.2172705382904926,Complete Disaster: This Middle School Had A Sex Ed Assembly About The Importance Of Microwaving Condoms Before And After Intercourse And The Guest Speaker Tried To Break A Cinder Block With His Head And Gave Himself A Concussion,0.0
1831,0.0,0.5508919386887483,I had to reread the title a few times,1.0
2227,0.0,0.5598837231771737,Complaints resurface in Arlington Heights over sprawling homes being built that dwarf the existing ones,1.0
10004,1.0,0.4869007026193928,Sweating CornNuts VP Stammers Way Through Pitch For ‘Nutsarito’ At Taco Bell,0.0
9931,1.0,0.38203458948781954,This is not up for debate.,0.0
15735,1.0,0.3633722732957974,Mutant Hockey League Worried City Of St. Mucus Won’t Publicly Finance New Arena For Ooze,0.0
8604,1.0,0.0737645972810615,Climate Change is no joke Jim,0.0
6309,0.0,0.5730402782824134,Adopted penguin chick at Sea Life London to be raised as gender-neutral,1.0
13291,1.0,0.27271160160560276,Mom shoots New Zealand man who flew to US to confront teen he met online,0.0
4499,0.0,0.6280112628636254,Gujarat: Gay lion pride on march in rainbow Gir,1.0
1464,0.0,0.9501746427615595,How U.S Deal with it's Allied?,1.0
10359,1.0,0.10104631181702303,"Dick Cheney Finally Hunts Down, Kills Man He Shot In Face In 2006",0.0
6332,0.0,0.9575252642495347,Scientists uncover new evidence of the asteroid that killed off the dinosaurs,1.0
14031,1.0,0.4800405569886408,Atheists Will Not Have An Answer For This!,0.0
10811,1.0,0.351833715097344,Taco Bell Warns Employees Against Directly Exposing Skin To Food,0.0
10064,1.0,0.07046593188137663,"Due to over crowding and traffic issues in Yosemite, massive construction ensues.",0.0
11699,1.0,0.0719511357716536,Righting Wrongs: Subway’s New Spokesperson Is A Man Who Gained 300 Pounds Eating Its Sandwiches And Also Has No Plans To Act On His Lust For Children,0.0
3585,0.0,0.9000338230041683,"Beto Goes to Kent State, Argues Only the Government Can Be Trusted With Guns",1.0
3766,0.0,0.6572887455604978,Not sure if this is already here but,1.0
6488,0.0,0.6417163485187097,Cop Downloads Porn on Grieving Family’s TV While Watching Over Their Dead Son’s Body,1.0
16980,1.0,0.42240087677840493,"Life: Customer Service FTW: Best Buy Is Constructing 40,000 Terra-Cotta Geek Squad Agents To Fix Its Customers’ Computers In The Afterlife",0.0
636,0.0,0.8847539586104743,"When you’re on the phone, but have nothing to talk about.",1.0
13691,1.0,0.4474879713643341,Dentist Can Tell Patient Hasn’t Been Brushing Hair,0.0
5820,0.0,0.6202273414022762,As someone mentioned: What if your name is Mohammad?,1.0
6288,0.0,0.8059244104617221,Japanese Clerk Allegedly Stole Over 1300 Credit Cards By Instantly Memorizing All The Numbers,1.0
14405,1.0,0.12847860704523237,TGI Fridays Is A Human Right,0.0
7254,0.0,0.8791548753184738,Check Out How To Start A Yahoo Auction Business | Auction Business solutions,1.0
1199,0.0,0.8048577564179292,7 Quick Relaxation Techniques to Relieve Stress,1.0
2431,0.0,0.6419634280295176,Southfield church offering drive-through blessings for pets,1.0
6621,0.0,0.5426787837784817,"Large Underwater Observatory Disappears Without a Trace, Baffling Scientists",1.0
4038,0.0,0.6876885610502912,Theories surrounding the Missing Years of Christ,1.0
1210,0.0,0.5131303434389342,Mom Begs College Girls To Stop Wearing Leggings So They Don’t “Tempt Her Sons”,1.0
8253,1.0,0.46641628867711765,Voting Machines Elect One Of Their Own As President,0.0
11744,1.0,0.4527810786628685,Asshole From Plane Greeted At Baggage Claim By Whole Family,0.0
6331,0.0,0.6250366050617494,Maryland Highway Administration Takes Down ‘Negro Mountain’ Road Signs Over Concerns Of Racial Insensitivity,1.0
15638,1.0,0.36007198771574145,Seemingly Mentally Ill Internet Commenter Presumably Functions In Outside World,0.0
16513,1.0,0.47106387497897356,Supreme Court's Sidekick Kid Justice Killed By Mad Genius Dr. Contempto,0.0
5108,0.0,0.9127423663724549,Dozens of bodies found in plastic bags in Mexico mass grave,1.0
16298,1.0,0.3438432397978178,Styrofoam To Spend Next 500 Years Reflecting On How Well It Protected Blender In Transport,0.0
4206,0.0,0.7813954190030954,"Someone set a trapped raccoon on fire in New Jersey, there’s a reward out for information",1.0
11181,1.0,0.3728588787568594,More Than 43 Million Travel Home For Thanksgiving,0.0
1456,0.0,0.7499930087351264,Savarkar had many faces – but Hindutva has only one,1.0
7923,1.0,0.15012146391399273,Lucky Break For Wendy’s: A Woman Found A Dead Rat In Her Wendy’s Fries And She’s Absolutely Ecstatic About It,0.0
13156,1.0,0.3808438955198209,Suicides increase 250% as Suicide Prevention Lifeline experiments with emotional support cats.,0.0
2513,0.0,0.5868092959144805,Nepal declared open-defecation free country,1.0
16022,1.0,0.02030752145385582,Bangor Police Bring In Stephen King To Help Track Demonic Car That Killed Woman,0.0
13888,1.0,0.21827419236024803,Minot Air Force Base launches search for missing Minuteman nuclear missile,0.0
16429,1.0,0.40150742034839954,Must See: ’80s Throwback! Johnson &amp; Johnson Is Releasing A Limited-Edition Bottle Of Poison Tylenol,0.0
12312,1.0,0.41720778910714756,More Than 1 Million Ordered To Evacuate Due To Hurricane Florence,0.0
6820,0.0,0.5671149608632539,Drunk racoons seen stumbling around Stittsville,1.0
2579,0.0,0.7027660268693412,We live in the worst really,1.0
9362,1.0,0.3222580754295754,"Ah, Christ. Not Another Bladder Full Of Urine.",0.0
797,0.0,0.8877704066490563,Didn’t get enough tomatoes ?,1.0
3151,0.0,0.6126157466890406,Legal Experts Warn Amber Guyger Verdict Could Set Dangerous Precedent Of Police Officers Not Being Allowed To Shoot Anyone They Want,1.0
15762,1.0,0.46266810523852187,Hostages Trapped Inside Walmart Insisting They Never Shop At Walmart,0.0
14821,1.0,0.4991218434029504,Is It Time For The NCAA To Start Paying The Coaches?,0.0
12962,1.0,0.3347185993021522,World-Eating Leviathan Awoken From 500-Million-Year Slumber In Martian Underground Lake After Feeling Sonar Disturbance,0.0
7789,0.0,0.6900182780970516,"Scott Walker, a 47-Year-Old Man, Blames Bald Spot on Violent Sink Encounter",1.0
6492,0.0,0.598799701188913,Have you been declawed?,1.0
12214,1.0,0.18836370753399267,Brad Pitt’s Foundation Sued For Building Shoddy Homes After Katrina,0.0
336,0.0,0.5989048299405407,Ohio mom discovers home-invader about to give her 2-year-old a bath,1.0
3676,0.0,0.7056475729659984,Pope Francis Emphasizes ‘The Strength Of Nouns’ While Denouncing Adjectives,1.0
5064,0.0,0.7839628655988256,Trumps presidency just keeps getting more ridiculous each day.,1.0
4285,0.0,0.6845152484223708,"Cleveland Vibrator Company expanding, moving to new location",1.0
8520,1.0,0.2496992371568651,Federal Officials Investigating Man Posting Racist Attacks Online Armed With Millions Of Explosives,0.0
7961,1.0,0.1448402010406594,"‘They Can’t Arrest Both Of Us,’ Says Giuliani Handcuffing Himself To Times Square Pikachu",0.0
7033,0.0,0.7361984712160706,Brain trauma suffered by U.S. diplomats abroad could be work of hostile foreign government,1.0
7775,0.0,0.5526607985778741,Talking about demonizing gay people,1.0
13926,1.0,0.3868018185575027,The Onion Not F*ing Around Anymore With Israel,0.0
6920,0.0,0.5067185109633942,Small Ontario town named Orono asking city to donate old Toronto sign,1.0
9940,1.0,0.042946223514709905,"Volatile India-Pakistan Standoff in 11,680th Day",0.0
12726,1.0,0.2609101531806761,More Than 100 U.S. Newspapers Plan Editorials Decrying Trump’s Attacks On Media,0.0
8149,1.0,0.48455072736540716,Weather Channel Accused of Pro-Weather Bias,0.0
10814,1.0,0.4004893431702697,Mall Santa Crying Hysterically In Photo With Toddler,0.0
3792,0.0,0.906072886512001,Roseanne Barr version of anthem disrupts Delaware volleyball match,1.0
6931,0.0,0.9199711862493464,Des Moines attorney unveils her life as a prostitute,1.0
6140,0.0,0.5355216485359743,YO!Sushi rebrands to Yo!SushiRamenKatsuCurryBaoBurgerGyozaFriesYakisobaMochiBallsFriedChickenPopcornShrimpBeefTeriyakiChocolateBrownie,1.0
8819,1.0,0.18101045449870792,A Chance For Diplomacy: The U.S. State Department Is Hoping President Trump Can Convince Queen Elizabeth To Stop Developing Nuclear Weapons In Her Attic,0.0
5993,0.0,0.6432737405488261,"After their founder was voted out in Survivor, Boost Juice gives sale available to everyone in Australia, except for the 4 people who voted her out",1.0
5482,0.0,0.836924198989199,Astronomers discover hungry black hole that demands three square meals a day,1.0
7273,0.0,0.5010002102377578,Four new staff to be employed by Dublin council to enforce new sandwich board rules,1.0
1908,0.0,0.6146642530783174,"Upstate car dealership offering Bible, AR-15 and American flags with purchase of car",1.0
16424,1.0,0.4243227471372545,Veteran Told What Offends Him,0.0
9079,1.0,0.14069582197916392,"‘Voila,’ Yells Exhausted Lady Gaga During 149th Consecutive Costume Change As Met Visitors Gingerly Step Over Her",0.0
3970,0.0,0.5744782900979719,Muslim tolerant community is concerned at sign which states Islam is right about women,1.0
9442,1.0,0.36647588806942966,Conor McGregor Running Courthouse Steps In Garbage Bag To Make Weight For Pre-Arraignment,0.0
9694,1.0,0.34829491905568954,"Wireless Headphones May Pose Cancer Risk, Experts Say",0.0
12700,1.0,0.46850319708801186,Allow Me To Demon ‘Strate,0.0
7032,0.0,0.5044657889654176,Woman withdraws rape case after falling in love with the rapist,1.0
4271,0.0,0.6384006988713813,"Disneyland Paris visitor on bad LSD trip falls into Adventureland lake, turns up naked after 130-person search",1.0
5515,0.0,0.9867597486247112,Ford study reveals 4 out of 10 Americans believe EVs are powered by gasoline,1.0
14998,1.0,0.36060359585268414,Morale Low At State Department After Only Employee Fired,0.0
8146,1.0,0.44633476665711247,Green Giant Offering Program Where Gun Owners Can Trade In Firearms For Green Beans,0.0
12951,1.0,0.46423923232449826,Music Compels Weak Man To Dance,0.0
11358,1.0,0.37775005109315063,World War II Hero Cursed Out For Driving Speed Limit,0.0
16014,1.0,0.2569026978698472,Trump Retweets Video From Anti-Muslim Hate Group,0.0
8892,1.0,0.28435306289117923,"Chicago Authorities Free Over 2,000 Southpaws From Illegal Mascot Mill",0.0
3697,0.0,0.804158825095234,Somebody thought it'd be a good idea to sell scented scissors to children,1.0
8549,1.0,0.3320336128467223,The guardian is back in business boys,0.0
11129,1.0,0.15379640098002964,Sexier Than Ever: Dwayne ‘The Rock’ Johnson Is Looking Amazing After Murdering His Uncle And Stealing His Wig,0.0
6557,0.0,0.6625969812234661,Beak fitness: New Zealand develops roadside gym for endangered keas,1.0
12323,1.0,0.17074212080839782,"Cameraman Strikes Gold With Tubby Fan Eating Ice Cream, Dancing, Holding Baby",0.0
15885,1.0,0.34420448206374266,"Donald Trump Stares Forlornly At Tiny, Aged Penis In Mirror Before Putting On Clothes, Beginning Day",0.0
3446,0.0,0.6765915140734146,Men’s Sexual Health May Benefit From Daily Nut Consumption,1.0
3214,0.0,0.7991246020179534,Bungie Will Release At Least One Non-Destiny Game by 2025,1.0
5244,0.0,0.6561723956753809,Sumaya Kazi America’s “best young enterpreneurs”,1.0
9579,1.0,0.49081682866832915,How People Are Radicalized Online,0.0
7347,0.0,0.5251735355826936,You Can Now Do Yoga In A Field Full Of Alpacas In Cumbria And Honestly It's The Dream,1.0
12108,1.0,0.40781564463856207,Dasani Under Fire After Tanker Explosion Leads To Massive Water Spill Off Coast Of Mexico,0.0
1315,0.0,0.6277568505827417,Could bug burgers help save the planet? - BBC News,1.0
4095,0.0,0.8350727409547868,"Quantum observers may be entitled to their own facts, sometimes cannot agree on what happened in an experiment",1.0
8226,1.0,0.4581271879181904,"Lean In, Queen! Her Husband Told Her The Only Room Off Limits In His Accursed Estate Was His Private Study, But She Went In Anyway And Totally Owned Her Horrible Fate",0.0
15028,1.0,0.3796195294122989,World’s Oldest Message In A Bottle Found On Australian Beach,0.0
1223,0.0,0.5836481155415327,6-year-old YouTuber buys $8 million property,1.0
1681,0.0,0.7961582524325833,IRA Formally Deny They Still Exist,1.0
10172,1.0,0.11504108603993307,"‘Fly, My Pretties,’ Says Jeff Bezos Releasing Swarm Of Amazon Drones To Hunt Down Nude Photos",0.0
4733,0.0,0.6464396513562694,Cùng tìm hiểu về thức ăn hạt cho mèo con 2 – 12 tháng tuổi,1.0
3662,0.0,0.613503873630346,"Russia hopes White House doesn't release Trump-Putin call transcripts, reports say",1.0
263,0.0,0.7648543522996495,"Islamic State Turns to Teen-Friendly TikTok, Adorning Posts With Pink Hearts",1.0
3477,0.0,0.8435732868814527,Pet parents go into debt for ‘fur babies’,1.0
5010,0.0,0.9134774968590043,Circuses Struggling To Find New Clowns As Top Prospects Continue To Go Into Politics,1.0
1310,0.0,0.7270246754231102,New rules for contractors have unexpected consequences for The City’s strip clubs,1.0
15117,1.0,0.37918073507342803,Ambush Tactics ft. Butcha - Too Many Times [Official Video],0.0
5062,0.0,0.8114561226753957,Again with the American Christian victim complex,1.0
8513,1.0,0.36806952626071715,"July 21, 1969",0.0
13979,1.0,0.32958649434165294,Central NY parents want top county court to evict 30-year-old son from family home,0.0
6348,0.0,0.5321929090732481,Guitar Shaped Mailbox Causes Rollover Crash In Greenbrier,1.0
6843,0.0,0.54741372995769,Ukrainains irate as Sara Netanyahu throws bread on floor during Kiev welcome,1.0
2562,0.0,0.5488974602668776,"The CW's Batwoman Has a New Enemy, and It's Rachel Maddow",1.0
4742,0.0,0.5063349276561325,"""All a bit predictable"": Sean Bean now rejects roles where his character dies on screen",1.0
16653,1.0,0.20046880854620586,Monarch Butterfly Makes Directorial Debut On 'Nature' Episode,0.0
2551,0.0,0.580355574774651,"Father, son build 3D printed Lamborghini",1.0
9501,1.0,0.27728782357184906,"Hare Krishnas: ‘Hare Krishna, Hare Krishna, Krishna Krishna, Hare Hare’",0.0
14328,1.0,0.14902033191322359,The NRA Is Claiming That The Tennessee Waffle House Shooting Would Not Have Happened If An Armed Teacher Had Been Teaching A Math Class There,0.0
14828,1.0,0.41436377866877294,"Authorities Claim The True Austin Bomber Was Everyone Who Failed This Sensitive, Promising Kid",0.0
13162,1.0,0.41536452603198226,Qatar Unveils Indentured Mascot For 2022 World Cup,0.0
7802,0.0,0.5186402543827878,BzzzzzZzzzZZzzZzzz,1.0
6723,0.0,0.5990904350074053,This Is What The President Donald Trump Eats | kiwiwell,1.0
98,0.0,0.7179875793538587,North Texas Couple Moving Into New Home Sees It Destroyed By Tornado,1.0
16933,1.0,0.09980094162050142,New world Scrabble champion: 'I'm in cocaine and pussy heaven',0.0
4198,0.0,0.5489930736334707,"Raccoons punch hole through ceiling, ransack White Rock home",1.0
16202,1.0,0.32750622026442094,Doctors Discover Purpose Of Appendix Is To Contain Human Soul,0.0
11957,1.0,0.20468983502946778,"Sorry, Feminists, But If Discrimination Against Men Doesn’t Exist, Then How Come Eagles Keep Grabbing Me By My Penis And Pulling Me Into The Sky?",0.0
4754,0.0,0.6132892814146731,Man undergoes surgery for erection that lasted for 36 hours: ‘They said my penis would die’,1.0
2280,0.0,0.5597806583266205,European Super League will help football evolve against threat of Fortnite,1.0
4833,0.0,0.5447816018170527,Home - Islamic Traditional Healer,1.0
4707,0.0,0.5430697708143783,Naruto Run past the anchor!,1.0
2054,0.0,0.7958919461829679,Statue Of A Homeless Jesus Startles A Wealthy Community,1.0
1612,0.0,0.5943910016899017,All Postpaid Mobile Phones To Be Restored In J&amp;K From Monday,1.0
10419,1.0,0.4995108376152821,Marine Biologists Train Highly Intelligent Octopus To Profitably Manage Mid-Size Aluminum Goods Supplier,0.0
6179,0.0,0.704133573883831,"John Hinckley Jr., who tried to assassinate Reagan, interested in music industry job",1.0
